Abad;espagnol;
Abbecassis;espagnol;
Abuli;espagnol;
Acosta;espagnol;
Adàn;espagnol;
Aguas;espagnol;
Aguerreberry;espagnol;
Aguila;espagnol;
Aguilera;espagnol;
Aguirre;espagnol;
Agusti;espagnol;
Agustin;espagnol;
Agusto;espagnol;
Aixeres;espagnol;
Alanis;espagnol;
Alaniz;espagnol;
Alano;espagnol;
Alarcó;espagnol;
Alarcon;espagnol;
Alarcone;espagnol;
Alavés;espagnol;
Alavès;espagnol;
Albaladejo;espagnol;
Albero;espagnol;
Alberó;espagnol;
Albira;espagnol;
Albo;espagnol;
Alcacer;espagnol;
Alcade;espagnol;
Alcala;espagnol;
Alcalo;espagnol;
Alcara;espagnol;
Alcaras;espagnol;
Alcaraz;espagnol;
Alcaroz;espagnol;
Alcarraz;espagnol;
Alcarroz;espagnol;
Alcaser;espagnol;
Alcasser;espagnol;
Alcazer;espagnol;
Alegre;espagnol;
Aleixandre;espagnol;
Alexandro;espagnol;
Alfarez;espagnol;
Alfaro;espagnol;
Algalarrondo;espagnol;
Alhama;espagnol;
Almecija;espagnol;
Almira;espagnol;
Alonso;espagnol;
Alonzo;espagnol;
Altadill;espagnol;
Altar;espagnol;
Alvarez;espagnol;
Alvaro;espagnol;
Alzaga;espagnol;
Alzate;espagnol;
Alzina;espagnol;
Amado;espagnol;
Amador;espagnol;
Amadou;espagnol;
Amestoy;espagnol;
Ameztoy;espagnol;
Amigo;espagnol;
Ander;espagnol;
Andres;espagnol;
Andrés;espagnol;
Anoll;espagnol;
Antonio;espagnol;
Aparicio;espagnol;
Arambol;espagnol;
Arambouro;espagnol;
Arambourou;espagnol;
Aramburu;espagnol;
Aramburus;espagnol;
Aranias;espagnol;
Arbona;espagnol;
Arcemisbehere;espagnol;
Arcocha;espagnol;
Arcos;espagnol;
Arellano;espagnol;
Aren;espagnol;
Arès;espagnol;
Arias;espagnol;
Aristouy;espagnol;
Aristoy;espagnol;
Armany;espagnol;
Armentia;espagnol;
Arnaez;espagnol;
Arnaiz;espagnol;
Aroca;espagnol;
Arquer;espagnol;
Arquero;espagnol;
Arrebola;espagnol;
Arrevola;espagnol;
Arrio;espagnol;
Arroyo;espagnol;
Arruti;espagnol;
Arteaga;espagnol;
Artola;espagnol;
Augusto;espagnol;
Avad;espagnol;
Avarguez;espagnol;
Avellaneda;espagnol;
Ayala;espagnol;
Ayxeres;espagnol;
Balderas;espagnol;
Balle;espagnol;
Baptista;espagnol;
Baquedano;espagnol;
Barajas;espagnol;
Barambones;espagnol;
Baratchegaray;espagnol;
Barate;espagnol;
Barcelo;espagnol;
Barrère;espagnol;
Barreres;espagnol;
Barro;espagnol;
Barros;espagnol;
Barrosa;espagnol;
Barroso;espagnol;
Bartolomé;espagnol;
Bartomeu;espagnol;
Bautista;espagnol;
Bayle;espagnol;
Belascain;espagnol;
Belascoain;espagnol;
Belasko;espagnol;
Belaskoain;espagnol;
Benavente;espagnol;
Benitez;espagnol;
Benlloch;espagnol;
Bentez;espagnol;
Berbel;espagnol;
Berho;espagnol;
Bernabé;espagnol;
Bernabeu;espagnol;
Bernardo;espagnol;
Bernat;espagnol;
Biescas;espagnol;
Blanco;espagnol;
Blanes;espagnol;
Blas;espagnol;
Blasco;espagnol;
Blavi;espagnol;
Blavis;espagnol;
Boher;espagnol;
Bolivar;espagnol;
Bonillo;espagnol;
Borguès;espagnol;
Borreda;espagnol;
Borréda;espagnol;
Borrego;espagnol;
Borrego;espagnol;
Bover;espagnol;
Bovero;espagnol;
Bricallé;espagnol;
Bricaller;espagnol;
Bricollé;espagnol;
Bricoller;espagnol;
Bricullé;espagnol;
Brigollé;espagnol;
Buforn;espagnol;
Burguès;espagnol;
Caballero;espagnol;
Caballo;espagnol;
Calder;espagnol;
Calderon;espagnol;
Caldumbide;espagnol;
Calvi;espagnol;
Calvo;espagnol;
Campo;espagnol;
Campos;espagnol;
Canadell;espagnol;
Canales;espagnol;
Canillos;espagnol;
Cano;espagnol;
Cánovas;espagnol;
Caranana;espagnol;
Carbonel;espagnol;
Carillo;espagnol;
Carles;espagnol;
Carlos;espagnol;
Carnicero;espagnol;
Carracedo;espagnol;
Carrero;espagnol;
Carrizo;espagnol;
Casa;espagnol;
CasaMayor;espagnol;
Casajus;espagnol;
Casal;espagnol;
Casanuava;espagnol;
Casarei;espagnol;
Casas;espagnol;
Casasana;espagnol;
Casasus;espagnol;
Cassoli;espagnol;
Cassoly;espagnol;
Castejon;espagnol;
Castellano;espagnol;
Cazorla;espagnol;
Cestero;espagnol;
Chicoy;espagnol;
Cintas;espagnol;
Ciurana;espagnol;
Claudio;espagnol;
Clavo;espagnol;
Cobos;espagnol;
Cocinero;espagnol;
Colinas;espagnol;
Coloma;espagnol;
Colon;espagnol;
Company;espagnol;
Compta;espagnol;
Conde;espagnol;
Constancio;espagnol;
Constantino;espagnol;
Cordellas;espagnol;
Cordero;espagnol;
Coronas;espagnol;
Cortès;espagnol;
Cristina;espagnol;
Cristino;espagnol;
Cristobal;espagnol;
Cruz;espagnol;
Cugat;espagnol;
Curiel;espagnol;
Dalgalarrondo;espagnol;
Dalgalarrondo-Inchauspé;espagnol;
Daniel;espagnol;
DeCruz;espagnol;
DeFuentes;espagnol;
DeHayos;espagnol;
DelaFresneda;espagnol;
DelaFuente;espagnol;
DelosRios;espagnol;
DePablo;espagnol;
DePalmas;espagnol;
DePozas;espagnol;
DePrado;espagnol;
DeSoto;espagnol;
DelAguila;espagnol;
DelPuente;espagnol;
Delarco;espagnol;
Demaya;espagnol;
Diaz;espagnol;
Diego;espagnol;
Domingo;espagnol;
Dominguez;espagnol;
Doyamboure;espagnol;
Doyhambehere;espagnol;
Doyhamboure;espagnol;
Duque;espagnol;
Egea;espagnol;
Eixeres;espagnol;
Ejea;espagnol;
ElGreco;espagnol;
Enric;espagnol;
Enrique;espagnol;
Eras;espagnol;
Erasun;espagnol;
Escames;espagnol;
Escoms;espagnol;
Espina;espagnol;
Espino;espagnol;
Espinosa;espagnol;
Esteban;espagnol;
Etchats;espagnol;
Exposito;espagnol;
Farrés;espagnol;
Federico;espagnol;
Felip;espagnol;
Felipe;espagnol;
Fernandès;espagnol;
Fernandez;espagnol;
Ferra;espagnol;
Ferrà;espagnol;
Ferrés;espagnol;
Fiter;espagnol;
Flamenco;espagnol;
Flamengo;espagnol;
Fontana;espagnol;
Fontany;espagnol;
Fontela;espagnol;
Fonts;espagnol;
Frances;espagnol;
Francia;espagnol;
Francisco;espagnol;
Franco;espagnol;
Fresneda;espagnol;
Frias;espagnol;
Fuentes;espagnol;
Fuerte;espagnol;
Fuertes;espagnol;
Gabriel;espagnol;
Galacho;espagnol;
Galatas;espagnol;
Galbis;espagnol;
Galina;espagnol;
Galindo;espagnol;
Gallat;espagnol;
Galvez;espagnol;
Garcia;espagnol;
Garri;espagnol;
Garriga;espagnol;
Gasull;espagnol;
Gavas;espagnol;
Gayola;espagnol;
Gayolo;espagnol;
Gil;espagnol;
Gilberto;espagnol;
Gomez;espagnol;
Gomis;espagnol;
Goncalo;espagnol;
Goncalve;espagnol;
Gonsalbo;espagnol;
Gonsalez;espagnol;
Gonsalo;espagnol;
Gonzalas;espagnol;
Gonzalès;espagnol;
Gonzalez;espagnol;
Gonzallez;espagnol;
Gonzalo;espagnol;
Gonzalvez;espagnol;
Gonzalvo;espagnol;
Gordilho;espagnol;
Gorgori;espagnol;
Gorgorió;espagnol;
Goyeneche;espagnol;
Goyeneix;espagnol;
Goyenetche;espagnol;
Goyheneche;espagnol;
Goyheneix;espagnol;
Goyhenetche;espagnol;
Graña;espagnol;
Graso;espagnol;
Guarnicionero;espagnol;
Guerra;espagnol;
Guerrero;espagnol;
Guillem;espagnol;
Guillermo;espagnol;
Guindeo;espagnol;
Gutierrez;espagnol;
Harignordoki;espagnol;
Harignordoquy;espagnol;
Harinordoqui;espagnol;
Harinordoquy;espagnol;
Haristouy;espagnol;
Haristoy;espagnol;
Haritzhandiet;espagnol;
Haya;espagnol;
Hayos;espagnol;
Hermoso;espagnol;
Hernanddez;espagnol;
Hernandez;espagnol;
Herrera;espagnol;
Herrero;espagnol;
Hidalgo;espagnol;
Horcas;espagnol;
Hortola;espagnol;
Hostalrich;espagnol;
Hueso;espagnol;
Hurtado;espagnol;
Iacobo;espagnol;
Ibanez;espagnol;
Ibañez;espagnol;
Iñarga;espagnol;
Inglès;espagnol;
Inharga;espagnol;
Inhargue;espagnol;
Ipas;espagnol;
Iruela;espagnol;
Iturri;espagnol;
Ivorra;espagnol;
Izaguirre;espagnol;
Jaen;espagnol;
Jaén;espagnol;
Jaime;espagnol;
Jaime;espagnol;
Jimenez;espagnol;
Jordi;espagnol;
Jorge;espagnol;
José;espagnol;
Josep;espagnol;
Joven;espagnol;
Juan;espagnol;
Julian;espagnol;
Julio;espagnol;
Lafuente;espagnol;
Landaboure;espagnol;
Landabourou;espagnol;
Landabure;espagnol;
Landaburu;espagnol;
Landric;espagnol;
Landry;espagnol;
Lanero;espagnol;
Lascaray;espagnol;
Lasheras;espagnol;
Lauria;espagnol;
Lecumberri;espagnol;
Lecumberry;espagnol;
Lécumberry;espagnol;
Lekumberri;espagnol;
Lekumberry;espagnol;
Leonardo;espagnol;
Liberos;espagnol;
Llagostera;espagnol;
Llandric;espagnol;
Llandry;espagnol;
Llave;espagnol;
Llebret;espagnol;
Llense;espagnol;
Lleres;espagnol;
Llères;espagnol;
Llobera;espagnol;
Llobères;espagnol;
Llord;espagnol;
Llort;espagnol;
Llugany;espagnol;
Llui;espagnol;
Lluis;espagnol;
Lobato;espagnol;
Lobo;espagnol;
Lope;espagnol;
Lopes;espagnol;
Lopez;espagnol;
Loppez;espagnol;
Lorente;espagnol;
Lorenzo;espagnol;
Loup;espagnol;
Lucas;espagnol;
Lucero;espagnol;
Lucio;espagnol;
Ludovico;espagnol;
Luis;espagnol;
Magne;espagnol;
Magno;espagnol;
Mainhagu;espagnol;
Malez;espagnol;
Manyach;espagnol;
Manzanares;espagnol;
Marana;espagnol;
Marana;espagnol;
Marcador;espagnol;
Marcos;espagnol;
Margarit;espagnol;
Mariano;espagnol;
Marque;espagnol;
Marques;espagnol;
Marquès;espagnol;
Marquez;espagnol;
Martillo;espagnol;
Martin;espagnol;
Martines;espagnol;
Martinez;espagnol;
Martorell;espagnol;
Mateo;espagnol;
Mateos;espagnol;
Matilla;espagnol;
Mato;espagnol;
Maura;espagnol;
Mauricio;espagnol;
Meniño;espagnol;
Merayo;espagnol;
Mercadal;espagnol;
Merino;espagnol;
Mesa;espagnol;
Mestres;espagnol;
Miguel;espagnol;
Modesto;espagnol;
Mogaburu;espagnol;
Mola;espagnol;
Moli;espagnol;
Molinari;espagnol;
Molinas;espagnol;
Moliné;espagnol;
Moliner;espagnol;
Molinero;espagnol;
Molines;espagnol;
Molino;espagnol;
Molto;espagnol;
Moltó;espagnol;
Monche;espagnol;
Moncho;espagnol;
Monich;espagnol;
Monje;espagnol;
Monjo;espagnol;
Monroig;espagnol;
Montanes;espagnol;
Monte;espagnol;
Montenegro;espagnol;
Montes;espagnol;
Morales;espagnol;
Moralès;espagnol;
Moreno;espagnol;
Morenos;espagnol;
Moussou;espagnol;
Mugabure;espagnol;
Munoz;espagnol;
Muntadas;espagnol;
Muntanya;espagnol;
Mur;espagnol;
Murillo;espagnol;
Muro;espagnol;
Muru;espagnol;
Muxart;espagnol;
Nacher;espagnol;
Naranjo;espagnol;
Navajas;espagnol;
Navaro;espagnol;
Navarro;espagnol;
Necochea;espagnol;
Negro;espagnol;
Nicolas;espagnol;
Nou;espagnol;
Nuixa;espagnol;
Obispo;espagnol;
Ochoa;espagnol;
Ochote;espagnol;
Olalla;espagnol;
Olaya;espagnol;
Olio;espagnol;
Olive;espagnol;
Oliverio;espagnol;
Olmo;espagnol;
Oms;espagnol;
Onsés;espagnol;
Onsès;espagnol;
Orfebre;espagnol;
Orlando;espagnol;
Orosco;espagnol;
Orozco;espagnol;
Orradre;espagnol;
Ortalano;espagnol;
Ortega;espagnol;
Orthega;espagnol;
Ortis;espagnol;
Ortu;espagnol;
Ortueta;espagnol;
Osante;espagnol;
Ostis;espagnol;
Ostitz;espagnol;
Ostiz;espagnol;
Oyhambourou;espagnol;
Oyhamburu;espagnol;
Pablo;espagnol;
Pablos;espagnol;
Pacheco;espagnol;
Pacouil;espagnol;
Pacouill;espagnol;
Pacull;espagnol;
Padilla;espagnol;
Paez;espagnol;
Pajares;espagnol;
Palanques;espagnol;
Panadero;espagnol;
Panda;espagnol;
Panisello;espagnol;
Panyella;espagnol;
Pardo;espagnol;
Pariente;espagnol;
Parienti;espagnol;
Pastor;espagnol;
Pastorino;espagnol;
Patino;espagnol;
Pedro;espagnol;
Pellicer;espagnol;
Pelliser;espagnol;
Penalber;espagnol;
Penalver;espagnol;
Pequeno;espagnol;
Perales;espagnol;
Pere;espagnol;
Peres;espagnol;
Perez;espagnol;
Perna;espagnol;
Perrez;espagnol;
Pesado;espagnol;
Pescadero;espagnol;
Pichel;espagnol;
Pinazo;espagnol;
Pineda;espagnol;
Pinella;espagnol;
Pinelle;espagnol;
Planeille;espagnol;
Planeilles;espagnol;
Planell;espagnol;
Planella;espagnol;
Planelles;espagnol;
Planells;espagnol;
Plaza;espagnol;
Pocurull;espagnol;
Pontes;espagnol;
Pontos;espagnol;
Porra;espagnol;
Portero;espagnol;
Portillo;espagnol;
Prado;espagnol;
Pucurull;espagnol;
Puentes;espagnol;
Punsola;espagnol;
Quadrada;espagnol;
Quadradas;espagnol;
Queralt;espagnol;
Quesada;espagnol;
Quesero;espagnol;
Quevedo;espagnol;
Quinta;espagnol;
Quinto;espagnol;
Rama;espagnol;
Ramirez;espagnol;
Ramis;espagnol;
Ramon;espagnol;
Ramonacho;espagnol;
Ramonatxo;espagnol;
Revilla;espagnol;
Rey;espagnol;
Reyes;espagnol;
Rez;espagnol;
Ribera;espagnol;
Riberas;espagnol;
Ricardo;espagnol;
Rico;espagnol;
Ricós;espagnol;
Rivera;espagnol;
Roberto;espagnol;
Robida;espagnol;
Roble;espagnol;
Robles;espagnol;
Roblès;espagnol;
Roblès;espagnol;
Rodericos;espagnol;
Rodrigues;espagnol;
Rodriguez;espagnol;
Rodriguiz;espagnol;
Roideriz;espagnol;
Rois;espagnol;
Roja;espagnol;
Rojo;espagnol;
Romano;espagnol;
Romero;espagnol;
Roncero;espagnol;
Rosario;espagnol;
Rotaëdor;espagnol;
Rubio;espagnol;
Ruderigos;espagnol;
Ruis;espagnol;
Ruisenor;espagnol;
Ruiz;espagnol;
Ruviella;espagnol;
Saenz;espagnol;
Saez;espagnol;
Sagara;espagnol;
Sagardoi;espagnol;
Sagardoy;espagnol;
Sagardoyburu;espagnol;
Sagardoytho;espagnol;
Sagarra;espagnol;
Sagarzazu;espagnol;
Sahuguède;espagnol;
Sainz;espagnol;
Saiz;espagnol;
Salamero;espagnol;
Saldana;espagnol;
Saldaña;espagnol;
Salguero;espagnol;
Sanccio;espagnol;
Sanchez;espagnol;
Sanchis;espagnol;
Sanchiz;espagnol;
Sancho;espagnol;
Sanchon;espagnol;
Sanchones;espagnol;
Sanclemente;espagnol;
Sancosme;espagnol;
Sandoval;espagnol;
Sango;espagnol;
Sangués;espagnol;
Sanguez;espagnol;
Santiago;espagnol;
Santiago;espagnol;
Santonja;espagnol;
Santos;espagnol;
Sanz;espagnol;
Sanzone;espagnol;
Sanzones;espagnol;
Sarrate;espagnol;
Sarratea;espagnol;
Sarroski;espagnol;
Sarrosqui;espagnol;
Sarrosquy;espagnol;
Sebastian;espagnol;
Secall;espagnol;
Segura;espagnol;
Ségura;espagnol;
Selva;espagnol;
Serrano;espagnol;
Sintes;espagnol;
Siurana;espagnol;
Sojo;espagnol;
Solano;espagnol;
Sopena;espagnol;
Sopeña;espagnol;
Soribes;espagnol;
Sorribes;espagnol;
Soterraña;espagnol;
Sotes;espagnol;
Soto;espagnol;
Sourjous;espagnol;
Sourribes;espagnol;
Suarez;espagnol;
Sunyer;espagnol;
Surjus;espagnol;
Surribas;espagnol;
Susperregui;espagnol;
Tabernero;espagnol;
Tarda;espagnol;
Teiletche;espagnol;
Teiletchea;espagnol;
Teilletchen;espagnol;
Tejedor;espagnol;
Tejeiro;espagnol;
Tejero;espagnol;
Tellechea;espagnol;
Telletchea;espagnol;
Temporal;espagnol;
Teobald;espagnol;
Teodorico;espagnol;
Tomas;espagnol;
Tornero;espagnol;
Toro;espagnol;
Torrez;espagnol;
Triana;espagnol;
Trias;espagnol;
Trujillo;espagnol;
Uartemendia;espagnol;
Ubalde;espagnol;
Ulldemolins;espagnol;
Urroz;espagnol;
Urtis;espagnol;
Valdès;espagnol;
Valiente;espagnol;
Valle;espagnol;
Valles;espagnol;
Vargas;espagnol;
Vasquez;espagnol;
Vazquez;espagnol;
Velasco;espagnol;
Velgel;espagnol;
Verdugo;espagnol;
Vergelo;espagnol;
Verpy;espagnol;
Vicente;espagnol;
Vidriero;espagnol;
Vilaldach;espagnol;
Villacampa;espagnol;
Villegas;espagnol;
Vinador;espagnol;
Vinuesa;espagnol;
Vizcaino;espagnol;
Vizconde;espagnol;
Xabada;espagnol;
Xandre;espagnol;
Xandri;espagnol;
Xanxo;espagnol;
Xicoi;espagnol;
Xicoy;espagnol;
Ximenez;espagnol;
Zamora;espagnol;
Zapata;espagnol;
Zerrate;espagnol;
Zorro;espagnol;
Zumarraga;espagnol;
Zuniga;espagnol;