Abt;allemand;allemand;
Acker;allemand;
Ackermann;allemand;
Alexander;allemand;
Altmann;allemand;
Andreas;allemand;
Angermann;allemand;
Angermüller;allemand;
Anton;allemand;
Aschenberner;allemand;
Aschenbrenner;allemand;
Augustinus;allemand;
Bach;allemand;
Bartel;allemand;
Bartels;allemand;
Bartholomaeus;allemand;
Batista;allemand;
Bauer;allemand;
Baumann;allemand;
Baumgarten;allemand;
Baumgartner;allemand;
Baur;allemand;
Bechele;allemand;
Becker;allemand;
Bentz;allemand;
Benz;allemand;
Berck;allemand;
Berger;allemand;
Bergmann;allemand;
Berk;allemand;
Bernhard;allemand;
Birke;allemand;
Bischof;allemand;
Bischoff;allemand;
Blitsch;allemand;
Boehmitz;allemand;
Bogen;allemand;
Böotner;allemand;
Bornemann;allemand;
Brama;allemand;
Braun;allemand;
Brücke;allemand;
Brückmann;allemand;
Brükner;allemand;
Buche;allemand;
Burg;allemand;
Burger;allemand;
Bürger;allemand;
Burgmeister;allemand;
Busch;allemand;
Buschman;allemand;
Ceder;allemand;
Cederbaum;allemand;
Cederboim;allemand;
Cederbom;allemand;
Cederman;allemand;
Christian;allemand;
Christianus;allemand;
Christophorus;allemand;
Damian;allemand;
Danel;allemand;
Daniel;allemand;
Decker;allemand;
Dhoms;allemand;
Diesel;allemand;
Dietrich;allemand;
Dietz;allemand;
Dimke;allemand;
Dinckel;allemand;
Dinkel;allemand;
Dinkelbauer;allemand;
Dinkelmann;allemand;
Dittmar;allemand;
Dorn;allemand;
Dorner;allemand;
Dorpmüller;allemand;
Dreher;allemand;
Drummer;allemand;
Eberhard;allemand;
Eberhardt;allemand;
Eberhart;allemand;
Eberling;allemand;
Ebstein;allemand;
Edelstein;allemand;
Eiche;allemand;
Eichmmann;allemand;
Eilenbecker;allemand;
Engel;allemand;
Engländer;allemand;
Eppensteiner;allemand;
Eppstein;allemand;
Epstein;allemand;
Erle;allemand;
Erler;allemand;
Esche;allemand;
Eschenbrenner;allemand;
Escher;allemand;
Espen;allemand;
Fabeck;allemand;
Faber;allemand;
Fahrnbach;allemand;
Falckenbach;allemand;
Falckenback;allemand;
Falkenbach;allemand;
Falkenback;allemand;
Farnbach;allemand;
Faszbinder;allemand;
Faszler;allemand;
Fehrembach;allemand;
Fehrenbach;allemand;
Fehrenbach;allemand;
Fehrenbacher;allemand;
Fehrnbach;allemand;
Ferembach;allemand;
Feremback;allemand;
Ferenbach;allemand;
Fernbach;allemand;
Fernbach;allemand;
Fet;allemand;
Fett;allemand;
Fettig;allemand;
Fetting;allemand;
Ficht;allemand;
Fichter;allemand;
Fischer;allemand;
Fischmann;allemand;
Flämisch;allemand;
Flamme;allemand;
Flegel;allemand;
Fleisch;allemand;
Fogel;allemand;
Foster;allemand;
Fraenkel;allemand;
Francfort;allemand;
Franciscus;allemand;
Franckel;allemand;
Franfurter;allemand;
Frank;allemand;
Fransman;allemand;
Frantz;allemand;
Frantzmann;allemand;
Franz;allemand;
Frei;allemand;
Freimann;allemand;
Freimuth;allemand;
Freismuth;allemand;
Freissmuth;allemand;
Freiszmuth;allemand;
Freud;allemand;
Freude;allemand;
Freudiger;allemand;
Freund;allemand;
Frey;allemand;
Freymann;allemand;
Freymuth;allemand;
Friedrich;allemand;
Friedrich;allemand;
Frisch;allemand;
Frischmann;allemand;
Frischmuth;allemand;
Frithmann;allemand;
Fritsch;allemand;
Fritz;allemand;
Fritzmann;allemand;
Fuchs;allemand;
Garten;allemand;
Gärtener;allemand;
Gasthaus;allemand;
Georg;allemand;
Georgius;allemand;
Glas;allemand;
Glaser;allemand;
Gobel;allemand;
Goebel;allemand;
Goldman;allemand;
Goldmann;allemand;
Goldschmidt;allemand;
Gorris;allemand;
Graaf;allemand;
Graf;allemand;
Gras;allemand;
Grass;allemand;
Grassman;allemand;
Grassmann;allemand;
Gregorius;allemand;
Griechmann;allemand;
Grosfeld;allemand;
Groshans;allemand;
Grosland;allemand;
Gross;allemand;
Grosse;allemand;
Grössermann;allemand;
Grossfeld;allemand;
Grossman;allemand;
Grossmann;allemand;
Grosz;allemand;
Grosz;allemand;
Haas;allemand;
Haase;allemand;
Haes;allemand;
Hafner;allemand;
Halbronn;allemand;
Halperin;allemand;
Hammel;allemand;
Hammerchmidt;allemand;
Hammermann;allemand;
Hammerschmidt;allemand;
Hammerschmitt;allemand;
Hans;allemand;
Hansmmuller;allemand;
Hänzel;allemand;
Hase;allemand;
Hass;allemand;
Hasse;allemand;
Hauff;allemand;
Hauptmann;allemand;
Heilbronn;allemand;
Heinrich;allemand;
Heinz;allemand;
Heïob;allemand;
Heiptmann;allemand;
Henker;allemand;
Hensler;allemand;
Henssler;allemand;
Herzog;allemand;
Hetman;allemand;
Hetmann;allemand;
Hirsch;allemand;
Hochgenug;allemand;
Hofer;allemand;
Hoff;allemand;
Hoffman;allemand;
Hoffmann;allemand;
Hoffmeister;allemand;
Höflicher;allemand;
Holz;allemand;
Holzer;allemand;
Honecker;allemand;
Hug;allemand;
Huhn;allemand;
Idt;allemand;
Ittel;allemand;
Itti;allemand;
Itty;allemand;
Jacobs;allemand;
Jobke;allemand;
Jodocus;allemand;
Johann;allemand;
Johannes;allemand;
Jopp;allemand;
Joppe;allemand;
Joppen;allemand;
Joppin;allemand;
Jörg;allemand;
Josef;allemand;
Julius;allemand;
Jung;allemand;
Jungblut;allemand;
Jungbluth;allemand;
Junger;allemand;
Jungers;allemand;
Jungest;allemand;
Jungling;allemand;
Jungmann;allemand;
Jürgen;allemand;
Kahlmann;allemand;
Karcher;allemand;
Karl;allemand;
Käse;allemand;
Käsmacher;allemand;
Käsmann;allemand;
Käsner;allemand;
Kauffman;allemand;
Kaufman;allemand;
Keffer;allemand;
Keler;allemand;
Keller;allemand;
Kellerman;allemand;
Kellermann;allemand;
Kellner;allemand;
Kesler;allemand;
Kess;allemand;
Kesse;allemand;
Kessel;allemand;
Kessmann;allemand;
Kiefer;allemand;
Kieffer;allemand;
Kieser;allemand;
Kiffer;allemand;
Kilburg;allemand;
Kilburger;allemand;
Kinder;allemand;
Kindermann;allemand;
Kinderstuth;allemand;
Klaas;allemand;
Klaus;allemand;
Klein;allemand;
Kleiner;allemand;
Kleinhans;allemand;
Kleinman;allemand;
Kleinmann;allemand;
Kleinprinz;allemand;
Klinker;allemand;
Koch;allemand;
Kocher;allemand;
Kochman;allemand;
Kocks;allemand;
Koening;allemand;
Kolher;allemand;
Kölher;allemand;
Köning;allemand;
Korb;allemand;
Korber;allemand;
Kraak;allemand;
Kraak;allemand;
Kraemer;allemand;
Kraft;allemand;
Kramer;allemand;
Krämer;allemand;
Kreitz;allemand;
Kreitzer;allemand;
Kreizer;allemand;
Kremer;allemand;
Kreutz;allemand;
Kreuz;allemand;
Kristian;allemand;
Kristof;allemand;
Kruger;allemand;
Kupfer;allemand;
Kürschner;allemand;
Lamb;allemand;
Lambling;allemand;
Lambrecht;allemand;
Landgraf;allemand;
Landreiter;allemand;
Lehnard;allemand;
Lehnart;allemand;
Leimkühler;allemand;
Lenz;allemand;
Leo;allemand;
Leonhard;allemand;
Loevi;allemand;
Loewy;allemand;
Lorentz;allemand;
Lorenz;allemand;
Lucks;allemand;
Ludwig;allemand;
Lukas;allemand;
Lutz;allemand;
Marcus;allemand;
Margraff;allemand;
Maria;allemand;
Mark;allemand;
Markgraff;allemand;
Martz;allemand;
Marx;allemand;
Mathis;allemand;
Matthias;allemand;
Mattis;allemand;
Maüs;allemand;
Mayer;allemand;
Mayr;allemand;
Mees;allemand;
Meier;allemand;
Meir;allemand;
Meister;allemand;
Mererson;allemand;
Mertin;allemand;
Messner;allemand;
Meyer;allemand;
Meyerfield;allemand;
Michael;allemand;
Michler;allemand;
Mildt;allemand;
Möbius;allemand;
Mohr;allemand;
Molitor;allemand;
Möller;allemand;
Mönch;allemand;
Moor;allemand;
Moris;allemand;
Moser;allemand;
Möves;allemand;
Mülher;allemand;
Mülhlsteff;allemand;
Mülhmeister;allemand;
Mülhnickel;allemand;
Müller;allemand;
Mutt;allemand;
Nachtigall;allemand;
Nagel;allemand;
Nagler;allemand;
Nickels;allemand;
Nicklaus;allemand;
Nicolaus;allemand;
Obermayer;allemand;
Obermeyer;allemand;
Ochs;allemand;
Olgart;allemand;
Paulus;allemand;
Peter;allemand;
Pfaff;allemand;
Pfaffen;allemand;
Pfister;allemand;
Platz;allemand;
Platzer;allemand;
Pöpfer;allemand;
Probst;allemand;
Quantius;allemand;
Rader;allemand;
Räder;allemand;
Radmacher;allemand;
Ranck;allemand;
Rank;allemand;
Räter;allemand;
Reiter;allemand;
Ricerz;allemand;
Richardt;allemand;
Ritter;allemand;
Robert;allemand;
Robrecht;allemand;
Roprecht;allemand;
Rosen;allemand;
Rosenau;allemand;
Rosenbaum;allemand;
Rosenberg;allemand;
Rosengart;allemand;
Rosenwald;allemand;
Roth;allemand;
Rothe;allemand;
Saiter;allemand;
Salm;allemand;
Sattler;allemand;
Schaeffer;allemand;
Scharzfeld;allemand;
Scheffer;allemand;
Schmid;allemand;
Schmidlin;allemand;
Schmidt;allemand;
Schmit;allemand;
Schmitt;allemand;
Schmittlein;allemand;
Schneckenburger;allemand;
Schneider;allemand;
Schnekenburger;allemand;
Schoenstein;allemand;
Schön;allemand;
Schönmann;allemand;
Schönstein;allemand;
Schonstein;allemand;
Schreiber;allemand;
Schreiner;allemand;
Schumacher;allemand;
Schumann;allemand;
Schwars;allemand;
Schwartz;allemand;
Schwartzberg;allemand;
Schwartzenberg;allemand;
Schwartzenberger;allemand;
Schwarz;allemand;
Schwarzberg;allemand;
Schwarzenberg;allemand;
Schwarzenberger;allemand;
Schwarzmann;allemand;
Shriver;allemand;
Siemens;allemand;
Silberfuchs;allemand;
Sochnchen;allemand;
Spillmann;allemand;
Stadtmüller;allemand;
Starck;allemand;
Stefan;allemand;
Steffens;allemand;
Steinmetz;allemand;
Stesseur;allemand;
Stier;allemand;
Stiert;allemand;
Stinnes;allemand;
Stoesser;allemand;
Stöffel;allemand;
Stoffer;allemand;
Stoltz;allemand;
Stösser;allemand;
Taifer;allemand;
Taüffer;allemand;
Teitelman;allemand;
Tempel;allemand;
Tempels;allemand;
Thalmann;allemand;
Theis;allemand;
Theissen;allemand;
Theobald;allemand;
Thomaes;allemand;
Thönnings;allemand;
Tinnes;allemand;
Tischer;allemand;
Tischler;allemand;
Tischmacher;allemand;
Trommer;allemand;
Trummer;allemand;
Tsederbaum;allemand;
Tsederboim;allemand;
Ulmer;allemand;
Ungefugt;allemand;
Ungeschikt;allemand;
Valdick;allemand;
Valdik;allemand;
Valdix;allemand;
Veil;allemand;
Vincent;allemand;
Vincentius;allemand;
Vogel;allemand;
Wagemann;allemand;
Wagner;allemand;
Wald;allemand;
Waldmann;allemand;
Walker;allemand;
Walter;allemand;
Walther;allemand;
Webber;allemand;
Weber;allemand;
Weichmann;allemand;
Weichmann;allemand;
Weidinger;allemand;
Weil;allemand;
Weiler;allemand;
Weille;allemand;
Weingarten;allemand;
Weingartner;allemand;
Weise;allemand;
Weiss;allemand;
Weissmann;allemand;
Weissmüller;allemand;
Werder;allemand;
Wichmann;allemand;
Wickel;allemand;
Wiedemann;allemand;
Wiedermann;allemand;
Wiesemann;allemand;
Wilbert;allemand;
Wilbrecht;allemand;
Wolf;allemand;
Wolff;allemand;
Wolfgang;allemand;
Wolfsohn;allemand;
Zeder;allemand;
Zederbaum;allemand;
Zederboim;allemand;
Zederman;allemand;
Zeller;allemand;
Ziegler;allemand;
Zimmer;allemand;
Zimmermann;allemand;
Zumthor;allemand;
Zwillinge;allemand;