Adam;belge;
Adami;belge;
Adriaenssens;belge;
Adriaen;belge;
Adriaensen;belge;
Adriaenssen;belge;
Adriencense;belge;
Adriensence;belge;
Adrienssens;belge;
Aelter;belge;
Aelters;belge;
Aelterman;belge;
Aerens;belge;
Aerts;belge;
Aertsens;belge;
Albumazard;belge;
Alloo;belge;
Alsteen;belge;
Andersson;belge;
André;belge;
Andries;belge;
Andriessen;belge;
Anthon;belge;
Antoine;belge;
Appelbaum;belge;
Applaer;belge;
Arimont;belge;
Arquin;belge;
Arteman;belge;
Baert;belge;
Bartholomeeus;belge;
Bastien;belge;
Bastin;belge;
Baugnet;belge;
Baugniet;belge;
Baugniez;belge;
Bauwens;belge;
Beauve;belge;
Beck;belge;
Beckers;belge;
Bernard;belge;
Bertrand;belge;
Bietmé;belge;
Blaas;belge;
Blankaert;belge;
Blanquaert;belge;
Blondeel;belge;
Blondeeuw;belge;
Blondoo;belge;
Bodart;belge;
Bodson;belge;
Boeck;belge;
Boesmans;belge;
Bogaert;belge;
Bogaerts;belge;
Bogemans;belge;
Booghmans;belge;
Borremans;belge;
Borsu;belge;
Borsus;belge;
Borsut;belge;
Bosmans;belge;
Bouch;belge;
Bouchhout;belge;
Bouillère;belge;
Bouillet;belge;
Boulanger;belge;
Bourton;belge;
Bouxin;belge;
Brasseur;belge;
Brouck;belge;
Broucke;belge;
Broucq;belge;
Broucque;belge;
Brouhier;belge;
Brug;belge;
Bruggesman;belge;
Bruynseel;belge;
Bruynseels;belge;
Burger;belge;
Burghgraeve;belge;
Burgmeester;belge;
Burton;belge;
Burtont;belge;
Buyle;belge;
Calbert;belge;
Callebaut;belge;
Callebert;belge;
Callebout;belge;
Camby;belge;
Cappelaere;belge;
Cappelaire;belge;
Cappelier;belge;
Cappeliez;belge;
Cappellier;belge;
Carbonez;belge;
Carbonnez;belge;
Carlier;belge;
Casteau;belge;
Castel;belge;
Castiaux;belge;
Cauderlier;belge;
Caudron;belge;
Cauvel;belge;
Cauvet;belge;
Cauvin;belge;
Cavard;belge;
Ceulemans;belge;
Chantry;belge;
Charlier;belge;
Chêneboit;belge;
Chestay;belge;
Chestia;belge;
Chrispeels;belge;
Christiaens;belge;
Christoffel;belge;
Claes;belge;
Claessens;belge;
Claeys;belge;
Claus;belge;
Cléban;belge;
Clébant;belge;
Clerx;belge;
Colinus;belge;
Collard;belge;
Colleye;belge;
Collignon;belge;
Collin;belge;
Colson;belge;
Cool;belge;
Cools;belge;
Coppens;belge;
Corain;belge;
Corijn;belge;
Corin;belge;
Cornelis;belge;
Cornet;belge;
Corrin;belge;
Corring;belge;
Corringer;belge;
Coryn;belge;
Coudyser;belge;
Couhysder;belge;
Coutijser;belge;
Coutiser;belge;
Crab;belge;
Crabbe;belge;
Crama;belge;
Crépez;belge;
Crespel;belge;
Crevisse;belge;
Crevits;belge;
Crispeel;belge;
Crispeels;belge;
Crispel;belge;
Crispiels;belge;
Cuvelier;belge;
Cuypers;belge;
Daan;belge;
Daels;belge;
Daems;belge;
Dalmans;belge;
Damard;belge;
Damart;belge;
Danis;belge;
Dany;belge;
Danys;belge;
Dapvril;belge;
Daufresne;belge;
Dawance;belge;
DeBacker;belge;
DeBisschop;belge;
DeBloedt;belge;
DeBlonde;belge;
DeBoeck;belge;
DeBosscher;belge;
DeBosschere;belge;
DeBruyn;belge;
DeBusschere;belge;
DeBuyle;belge;
DeClercq;belge;
DeCock;belge;
DeConinck;belge;
DeConninck;belge;
DeCoster;belge;
DeCruyenaere;belge;
DeCuyper;belge;
DeDecker;belge;
DeDoncker;belge;
DeDraier;belge;
DeFlandre;belge;
DeFrankrijker;belge;
DeGreef;belge;
DeGriek;belge;
DeGroot;belge;
DeGroote;belge;
DeGuchteneere;belge;
DeHaese;belge;
DeHert;belge;
DeHertog;belge;
DeHoorne;belge;
DeKimpe;belge;
DeMarkgraef;belge;
DeMeester;belge;
DeMeulenaer;belge;
DeMeyer;belge;
DeMolder;belge;
DeMunck;belge;
DeMuynck;belge;
DeMuyncke;belge;
DeMuynek;belge;
DeMuynke;belge;
DeNaeyer;belge;
DeNayer;belge;
DePannemacker;belge;
DePannemaecker;belge;
DePauss;belge;
DePauw;belge;
DePelsemaeker;belge;
DePester;belge;
DePotter;belge;
DePraeter;belge;
DePrester;belge;
DeRidder;belge;
DeRidere;belge;
DeRovéréaz;belge;
DeRudere;belge;
DeSachte;belge;
DeSaedeleer;belge;
DeSaert;belge;
DeSchepper;belge;
DeSchoone;belge;
DeSmedt;belge;
DeSmet;belge;
DeSmeytere;belge;
DeSmidt;belge;
DeSmit;belge;
DeSmyter;belge;
DeStracke;belge;
DeSueter;belge;
DeVette;belge;
DeVoghels;belge;
DeVos;belge;
DeVrient;belge;
DeWilde;belge;
DeWinter;belge;
Debacker;belge;
Debaere;belge;
Debakker;belge;
Debaut;belge;
Debecker;belge;
Debekker;belge;
Debled;belge;
Deboschere;belge;
Deboscker;belge;
Deboskre;belge;
Debosscher;belge;
Debosschere;belge;
Debusschere;belge;
Debuyst;belge;
Declerck;belge;
Declercq;belge;
Decock;belge;
Decocq;belge;
Decrucq;belge;
Decruyenaere;belge;
Defaux;belge;
Defawe;belge;
Degroote;belge;
Dehoorne;belge;
Dehorne;belge;
Dehornes;belge;
Deilgat;belge;
Dejong;belge;
Dejonghe;belge;
Dekale;belge;
Dekimpe;belge;
Dekoch;belge;
Dekuiper;belge;
Dekyndt;belge;
Delacuvellerie;belge;
Delafosse;belge;
Delahaye;belge;
Delahayes;belge;
Delbouille;belge;
Delboulle;belge;
Delcorps;belge;
Delflache;belge;
Delfosse;belge;
Delgat;belge;
Delhaye;belge;
Delhoste;belge;
Delhotte;belge;
Delmare;belge;
Delmer;belge;
Delobbe;belge;
Delobe;belge;
Delobes;belge;
Delplace;belge;
Delvaux;belge;
Demain;belge;
Demeiere;belge;
Demeyer;belge;
Demoor;belge;
Demoore;belge;
Demunck;belge;
Demunck;belge;
Demuynck;belge;
DenOuste;belge;
Denaeyer;belge;
Denayer;belge;
Deneyer;belge;
Denis;belge;
Denoor;belge;
Depannemaecker;belge;
Depelsemacker;belge;
Depelsemaeker;belge;
Depelsenaire;belge;
Depelseneer;belge;
Depercenaire;belge;
Depester;belge;
Depiéreux;belge;
Depierreux;belge;
Depireux;belge;
Depoorter;belge;
Depoortere;belge;
Depooter;belge;
Depootere;belge;
Deporter;belge;
Deportere;belge;
Depoterre;belge;
Deprez;belge;
Deramaix;belge;
Deroosse;belge;
Desandrouins;belge;
Descamps;belge;
Deschepper;belge;
Desmedt;belge;
Desmet;belge;
Desmets;belge;
Desmeytere;belge;
Desmidt;belge;
Desmidts;belge;
Desmit;belge;
Desmyter;belge;
Desmytter;belge;
Desmyttere;belge;
Despineto;belge;
Després;belge;
Despret;belge;
Desprets;belge;
Despretz;belge;
Desprey;belge;
Desprez;belge;
Destoute;belge;
Deswart;belge;
Deswarte;belge;
Dethier;belge;
Deur;belge;
Deurwaerder;belge;
Devis;belge;
Devloo;belge;
Devos;belge;
Devriend;belge;
Dewever;belge;
Dewit;belge;
Dewitte;belge;
Dewyse;belge;
D'Haeyer;belge;
Dhaeyer;belge;
D'Hoeraen;belge;
Dhoeraen;belge;
D'hoolaege;belge;
Dierckx;belge;
Dierik;belge;
Doeraene;belge;
Dolhaeghe;belge;
Domiens;belge;
Dominicus;belge;
Dondaine;belge;
Dondeine;belge;
Dondenne;belge;
Dondeyne;belge;
Doolaeg(h)e;belge;
Doolaegue;belge;
Doolage;belge;
Doorn;belge;
Doorne;belge;
Doorneman;belge;
Draier;belge;
Dresselaers;belge;
Dubled;belge;
Dubois;belge;
Dumont;belge;
Dupont;belge;
Duquesnay;belge;
Duquesne;belge;
Duquesnoy;belge;
Ebrard;belge;
Eeckeman;belge;
Eerkens;belge;
Erckens;belge;
Erk;belge;
Erken;belge;
Erkens;belge;
Etienne;belge;
Euvrard;belge;
Evert;belge;
Evrard;belge;
Evras;belge;
Evrat;belge;
Eyck;belge;
Eysermans;belge;
Fawat;belge;
Faweux;belge;
Fee;belge;
Felix;belge;
Flamenck;belge;
Floche;belge;
Floquet;belge;
Fontaine;belge;
Fonteyne;belge;
Fraigany;belge;
Fraigneux;belge;
Francoeur;belge;
François;belge;
Francon;belge;
Frankel;belge;
Franken;belge;
Frankeur;belge;
Frans;belge;
Fransman;belge;
Fransolet;belge;
Franzman;belge;
Frijer;belge;
Gabriels;belge;
Gadisseur;belge;
Gadisseux;belge;
Gasthuys;belge;
Gaudisseu;belge;
Geerts;belge;
Gehucht;belge;
Geiregat;belge;
Geeregat;belge;
Gendebien;belge;
Genot;belge;
Georges;belge;
Gérard;belge;
Gerlache;belge;
Gerlaxhe;belge;
Germay;belge;
Germéa;belge;
Germeau;belge;
Ghiste;belge;
Gilles;belge;
Gillet;belge;
Gilson;belge;
Gits;belge;
Giets;belge;
Gidts;belge;
Geets;belge;
Geerts;belge;
Glaze;belge;
Glazeman;belge;
Goethals;belge;
Goffin;belge;
Gomaert;belge;
Gomardt;belge;
Goor;belge;
Goossens;belge;
Goud;belge;
Goudman;belge;
Goudsmith;belge;
Gourdet;belge;
Gousson;belge;
Graas;belge;
Greggs;belge;
Gregh;belge;
Grégoire;belge;
Gregoor;belge;
Grewis;belge;
Groot;belge;
Groote;belge;
Grotaers;belge;
Guillaume;belge;
Guyaux;belge;
Haesen;belge;
Haesevoets;belge;
Halasi;belge;
Halazy;belge;
Hamers;belge;
Hanssens;belge;
Hardas;belge;
Hardat;belge;
Hardy;belge;
Heerbrant;belge;
Hendrick;belge;
Hendrickx;belge;
Hendriks;belge;
Henry;belge;
Herbrand;belge;
Herbrandt;belge;
Herbrant;belge;
Herman;belge;
Hermann;belge;
Hermans;belge;
Herten;belge;
Hertogs;belge;
Hertogue;belge;
Heylen;belge;
Heymans;belge;
Heynemans;belge;
Heyrman;belge;
Hinck;belge;
Hinckel;belge;
Hincker;belge;
Hinkel;belge;
Hinkels;belge;
Hinkens;belge;
Hinker;belge;
Hinkle;belge;
Hoefnagel;belge;
Hoefnagels;belge;
Holemans;belge;
Honnay;belge;
Horlin;belge;
Houvenaghel;belge;
Hoyois;belge;
Hubert;belge;
Huig;belge;
Ickx;belge;
Istace;belge;
Istasse;belge;
Jaak;belge;
Jaap;belge;
Jacob;belge;
Jacobs;belge;
Jacques;belge;
Jacquet;belge;
Jan;belge;
Janhes;belge;
Jansen;belge;
Janssen;belge;
Janssens;belge;
Jef;belge;
Jenot;belge;
Jeuniaux;belge;
Joire;belge;
Jone;belge;
Joneau;belge;
Jonet;belge;
Jongers;belge;
Jonné;belge;
Jonet;belge;
Jonnet;belge;
Jordaens;belge;
Jorez;belge;
Joris;belge;
Jorissen;belge;
Jozef;belge;
Julianus;belge;
Julius;belge;
Jurgen;belge;
Kaalman;belge;
Kaisin;belge;
Keetels;belge;
Kenens;belge;
Kenes;belge;
Kenis;belge;
Kennens;belge;
Kennes;belge;
Kennis;belge;
Kesteloot;belge;
Ketel;belge;
Ketelsmit;belge;
Kiecken;belge;
Kimpe;belge;
Kinnen;belge;
Klein;belge;
Kleineman;belge;
Kleiner;belge;
Kleinerman;belge;
Kleinman;belge;
Klerk;belge;
Kleynen;belge;
Klingeleers;belge;
Kobus;belge;
Koeck;belge;
Konninckx;belge;
Koolman;belge;
Korring;belge;
Kramers;belge;
Kreemers;belge;
Kuipers;belge;
Labbez;belge;
Lacroix;belge;
Laenen;belge;
Laenens;belge;
Lafontaine;belge;
Lambert;belge;
Lambrechts;belge;
Lanen;belge;
Lanens;belge;
Langlez;belge;
Lapayre;belge;
Laseur;belge;
Laseure;belge;
Lauffer;belge;
Laurent;belge;
Lauwers;belge;
LeMayeur;belge;
LeProvost;belge;
Leboutte;belge;
Lebrun;belge;
Leclerc;belge;
Leclercq;belge;
Lecocq;belge;
Lecomte;belge;
Ledecq;belge;
Leenhard;belge;
Leenhart;belge;
Lefebvre;belge;
Lefèvre;belge;
Legrand;belge;
Lejeune;belge;
Lemaire;belge;
Lemmens;belge;
Lemonnier;belge;
Lemounie;belge;
Lenaerts;belge;
Lénel;belge;
Lénelle;belge;
Lennel;belge;
Léonard;belge;
Lepoutre;belge;
Leprette;belge;
Lepropre;belge;
Leroy;belge;
Lescohy;belge;
Lesoil;belge;
Lesoile;belge;
Lesoille;belge;
Levecq;belge;
Lewek;belge;
Libert;belge;
Liens;belge;
Liephoudt;belge;
Liepot;belge;
Liepout;belge;
Lieseborghs;belge;
Liesenborghs;belge;
Lietaer;belge;
Lietaert;belge;
Lietar;belge;
Liétar;belge;
Liétard;belge;
Liétart;belge;
Lievens;belge;
Lievesoons;belge;
Lievevrouw;belge;
Lievrouw;belge;
Liévrouw;belge;
Lievrow;belge;
Linglay;belge;
Linglet;belge;
Liphout;belge;
Lisenborgh;belge;
Lisenborgs;belge;
Locreille;belge;
Locrel;belge;
Locrelle;belge;
Lode;belge;
Loo;belge;
Lorfèvre;belge;
Lorphêvre;belge;
Losseau;belge;
Losset;belge;
Louis;belge;
Louzeau;belge;
Lowie;belge;
Ludovicus;belge;
Lugen;belge;
Lugens;belge;
Lust;belge;
Lustig;belge;
Luyer;belge;
Luyrik;belge;
Luyten;belge;
Lyphoudt;belge;
Lyphout;belge;
Maca;belge;
Maertens;belge;
Maes;belge;
Maessen;belge;
Mahieu;belge;
Maka;belge;
Malchamp;belge;
Malchamps;belge;
Malmedier;belge;
Malmedy;belge;
Malmendier;belge;
Mangon;belge;
Maqua;belge;
Marchal;belge;
Marckx;belge;
Marcus;belge;
Mardaga;belge;
Maréchal;belge;
Maria;belge;
Mark;belge;
Markgraff;belge;
Martens;belge;
Martin;belge;
Martins;belge;
Massart;belge;
Masson;belge;
Mathieu;belge;
Mathissen;belge;
Mathy;belge;
Matthys;belge;
Mauchamp;belge;
Mauchamps;belge;
Maurichon;belge;
Maurissen;belge;
Maurits;belge;
Mayeur;belge;
Mayeux;belge;
Mechelaere;belge;
Meert;belge;
Meertens;belge;
Meester;belge;
Meeus;belge;
Melaerts;belge;
Mellaerts;belge;
Merchié;belge;
Merchier;belge;
Mergeai;belge;
Mergeay;belge;
Merjai;belge;
Merjay;belge;
Mertens;belge;
Mertes;belge;
Merts;belge;
Mertz;belge;
Meulemans;belge;
Meulemeesters;belge;
Meunier;belge;
Meurice;belge;
Mewis;belge;
Mewissen;belge;
Michaël;belge;
Michaux;belge;
Michel;belge;
Michiels;belge;
Mixhel;belge;
Mochamps;belge;
Moens;belge;
Moeyaert;belge;
Moiling;belge;
Moinil;belge;
Molemans;belge;
Molenaers;belge;
Monceau;belge;
Moncia;belge;
Monciaux;belge;
Monsay;belge;
Monteyne;belge;
Moreau;belge;
Mouyart;belge;
Moyaert;belge;
Mullenders;belge;
Munck;belge;
Muynck;belge;
Nachtegael;belge;
Nagelmaekers;belge;
Nagels;belge;
Natus;belge;
Neel;belge;
Neels;belge;
Neuray;belge;
Neureau;belge;
Neuret;belge;
Neurot;belge;
Neuts;belge;
Neuven;belge;
Neven;belge;
Nguyen;belge;
Nicolas;belge;
Nicolaus;belge;
Nicolus;belge;
Nijs;belge;
Niklaas;belge;
Noël;belge;
Nuts;belge;
Nuttin;belge;
Ochin;belge;
Olivier;belge;
Olyff;belge;
Paindavaine;belge;
Pannaye;belge;
Parmentier;belge;
Pas;belge;
Pauss;belge;
Pauwels;belge;
Peeters;belge;
Pelser;belge;
Pelsmaeker;belge;
Peschon;belge;
Peschoniez;belge;
Pester;belge;
Petersen;belge;
Petit;belge;
Pierre;belge;
Piet;belge;
Pieters;belge;
Pietersen;belge;
Piette;belge;
Pirard;belge;
Piron;belge;
Pirotte;belge;
Plaats;belge;
Poels;belge;
Poelsmans;belge;
Poncelet;belge;
Pools;belge;
Posson;belge;
Potstainer;belge;
Potter;belge;
Pottiaux;belge;
Pottié;belge;
Potty;belge;
Poyon;belge;
Praat;belge;
Premereur;belge;
Premmereur;belge;
Prevostel;belge;
Priesse;belge;
Prisse;belge;
Proost;belge;
Prost;belge;
Proust;belge;
Putmans;belge;
Putmans;belge;
Puttemans;belge;
Puttemans;belge;
Putman;belge;
Quaisin;belge;
Quesnay;belge;
Quesne;belge;
Quesneau;belge;
Quesnel;belge;
Quesney;belge;
Quesnoy;belge;
Queval;belge;
Raes;belge;
Ramael;belge;
Raucent;belge;
Rauscent;belge;
Rausin;belge;
Raussain;belge;
Raussent;belge;
Raussin;belge;
Raveydts;belge;
Ravignat;belge;
Remy;belge;
Renard;belge;
Retelet;belge;
Ricaart;belge;
Ricaert;belge;
Ricard;belge;
Robaert;belge;
Robbert;belge;
Robert;belge;
Roels;belge;
Roland;belge;
Rooseels;belge;
Roosengardt;belge;
Rosseel;belge;
Rousseau;belge;
Saintmaux;belge;
Saint-Maux;belge;
Sanctorum;belge;
Santilman;belge;
Schmitz;belge;
Schnock;belge;
Schoenmakers;belge;
Schoenman;belge;
Schoone;belge;
Scorier;belge;
Scuvie;belge;
Scuvie;belge;
Segers;belge;
Seghers;belge;
Seppen;belge;
Servais;belge;
Shoen;belge;
Sijmen;belge;
Simoens;belge;
Simon;belge;
Simons;belge;
Sinnesaël;belge;
Sinnesal;belge;
Slagmolder;belge;
Slagmulder;belge;
Slamulder;belge;
Smal;belge;
Smeets;belge;
Smet;belge;
Smets;belge;
Smit;belge;
Smolders;belge;
Smulders;belge;
Somers;belge;
Sottiaux;belge;
Spinette;belge;
Sprecher;belge;
Stas;belge;
Stass;belge;
Stassaert;belge;
Stassar;belge;
Stassard;belge;
Stassart;belge;
Stasse;belge;
Stassiaux;belge;
Stassin;belge;
Stassinet;belge;
Statius;belge;
Steculorum;belge;
Stefaans;belge;
Stercken;belge;
Sterckmans;belge;
Sterckx;belge;
Stevens;belge;
Stier;belge;
Stiers;belge;
Stievens;belge;
Stine;belge;
Stoffel;belge;
Stordair;belge;
Stordeur;belge;
Stoutmans;belge;
Swart;belge;
Swarte;belge;
Tack;belge;
Taverner;belge;
Teissant;belge;
Terreur;belge;
Thijs;belge;
Thiry;belge;
Thissen;belge;
Thomas;belge;
Thonnisen;belge;
Thuiliau;belge;
Thuiliaux;belge;
Thuiliet;belge;
Thys;belge;
Tibaut;belge;
Timmerman;belge;
Timmermans;belge;
T'Jampens;belge;
Tjampens;belge;
Toussaint;belge;
Trausch;belge;
Tuiliau;belge;
Tuiliaux;belge;
Tuilliet;belge;
Tuin;belge;
Tumson;belge;
Tweelinckx;belge;
Urbain;belge;
Urting;belge;
VanAcker;belge;
VanAelter;belge;
VanBelle;belge;
VanBerckel;belge;
VanBergh;belge;
VanCaenegem;belge;
VanCaeneghem;belge;
VanDaele;belge;
VanDamme;belge;
VandeLoo;belge;
VandePas;belge;
VandePoel;belge;
VandeSlijke;belge;
VandeSlycke;belge;
VandeVeld;belge;
VandeVelde;belge;
VandenBergh;belge;
VandenBogaerde;belge;
VandenBorne;belge;
VandenBossche;belge;
VandenBroeck;belge;
VandenBroecke;belge;
VandenCamp;belge;
VandenCastele;belge;
VandenDael;belge;
VandenDorpe;belge;
VandenTuin;belge;
VanDen;belge;
VanderBrug;belge;
VanderGucht;belge;
VanderPas;belge;
VanderSlijke;belge;
VanderSlikke;belge;
VanderSlycke;belge;
VanderVleuten;belge;
VanDoren;belge;
VanDorp;belge;
VanDorpe;belge;
VanDovlaeghe;belge;
VanDyck;belge;
VanEngeland;belge;
VanEsch;belge;
VanEscht;belge;
VanEyck;belge;
VanHecke;belge;
VanHoof;belge;
VanHoorebeke;belge;
VanHoorenbeeck;belge;
VanHorenbeck;belge;
VanHorenbeeck;belge;
VanLierde;belge;
VanNoye;belge;
VanNoÿe;belge;
VanPé;belge;
VanPede;belge;
VanPée;belge;
VanRoy;belge;
VanSinaey;belge;
VanSlijke;belge;
VanSlycke;belge;
VanSteerteghem;belge;
VanSteerteghen;belge;
VanSteirteghem;belge;
VanVleuten;belge;
Vanbattel;belge;
Vanbergh;belge;
Vandamme;belge;
Vandenberghe;belge;
Vandenbossche;belge;
Vandenbussche;belge;
Vandendorpe;belge;
Vandeputte;belge;
Vanderhorst;belge;
Vanderlinden;belge;
Vanderplaetsen;belge;
Vandevelde;belge;
Vandoolaeghe;belge;
Vandorpe;belge;
Vanlierde;belge;
Vanpé;belge;
Vanpede;belge;
Vanpée;belge;
Vansteertegem;belge;
Vecq;belge;
Veld;belge;
Veldmann;belge;
Vellemans;belge;
Veraghe;belge;
Veraghen;belge;
Verbeeck;belge;
Verbeke;belge;
Verbruggen;belge;
Vercammen;belge;
Vercheval;belge;
Verdoolaeg(h)e;belge;
Verhaege;belge;
Verhaegen;belge;
Verhaeghe;belge;
Verhaeghen;belge;
Verhaegue;belge;
Verhage;belge;
Verhagen;belge;
Verhaghe;belge;
Verhelst;belge;
Verheyen;belge;
Verhoeven;belge;
Verlinden;belge;
Vermeer;belge;
Vermeersch;belge;
Vermeiren;belge;
Vermeren;belge;
Vermeulen;belge;
Vermotte;belge;
Verplaetse;belge;
Verplancke;belge;
Verplancken;belge;
Verschueren;belge;
Verslijke;belge;
Verslycke;belge;
Verstraete;belge;
Verstraeten;belge;
Vervoort;belge;
Vet;belge;
Vette;belge;
Viatour;belge;
Vieutemps;belge;
Vieutems;belge;
Vieuxtemps;belge;
Vilain;belge;
Vincent;belge;
Vinchent;belge;
Visje;belge;
Vlaamsche;belge;
Vlaeminck;belge;
Vlaemynck;belge;
Vlaminck;belge;
Vlamynck;belge;
Vlemincks;belge;
Vleminckx;belge;
Vleminx;belge;
Vlemynckx;belge;
Vogels;belge;
Volckaert;belge;
Volkaert;belge;
Volkaerts;belge;
Volkart;belge;
Volkert;belge;
Voller;belge;
Vos;belge;
Vossen;belge;
Vrank;belge;
Vrindt;belge;
Vrolijt;belge;
Vrolyck;belge;
Vullers;belge;
Wagemans;belge;
Wagenmann;belge;
Waghon;belge;
Wagon;belge;
Walle;belge;
Wastiaux;belge;
Watrigant;belge;
Watriquant;belge;
Watteau;belge;
Watteau;belge;
Watteaux;belge;
Watteaux;belge;
Wattecamp;belge;
Wattecamps;belge;
Wattecant;belge;
Watteel;belge;
Wattel;belge;
Wattelle;belge;
Wattiau;belge;
Wattiaux;belge;
Wattieaux;belge;
Wauters;belge;
Weers;belge;
Weerts;belge;
Wek;belge;
Wevers;belge;
Weynen;belge;
Wilbaert;belge;
Wilfart;belge;
Willems;belge;
Willock;belge;
Willocq;belge;
Wilock;belge;
Wintgens;belge;
Wouter;belge;
Wouters;belge;
Wuyts;belge;
Wylock;belge;
Wylocke;belge;
Yildirim;belge;
Yilmaz;belge;
Zadelaar;belge;
Zegers;belge;
Zeggers;belge;
Zègres;belge;